plot_id,stratum,richness,abundance,shannon,simpson,inv_simpson,evenness
1,Trees,1,6,0,0,1,NA
10,Trees,7,9,1.8891591637540215,0.8395061728395061,6.230769230769231,0.9708357627258161
100,Trees,6,11,1.6726254461503207,0.7933884297520661,4.840000000000001,0.933510035736515
101,Trees,8,8,2.0794415416798357,0.875,8,1
102,Trees,4,7,1.1537419427010902,0.6122448979591837,2.5789473684210527,0.8322488896002307
103,Trees,4,7,1.277034259466139,0.6938775510204083,3.266666666666667,0.9211854965885543
104,Trees,3,10,1.0296530140645737,0.62,2.6315789473684212,0.9372305632161295
105,Trees,1,16,0,0,1,NA
106,Trees,4,8,1.2130075659799042,0.65625,2.909090909090909,0.875
107,Trees,7,9,1.8891591637540215,0.8395061728395061,6.230769230769231,0.9708357627258161
108,Trees,4,7,1.351783994289646,0.7346938775510204,3.7692307692307696,0.9751060324573735
109,Trees,6,8,1.6674619334292946,0.78125,4.571428571428571,0.9306282244165778
11,Trees,8,13,1.9512595041439562,0.8402366863905325,6.259259259259259,0.9383574700386479
110,Trees,6,7,1.7478680974667573,0.8163265306122449,5.444444444444445,0.9755037590061084
111,Trees,4,6,1.242453324894,0.6666666666666667,3,0.8962406251802889
112,Trees,5,7,1.5498260458782016,0.7755102040816326,4.454545454545455,0.9629610647945144
113,Trees,6,6,1.791759469228055,0.8333333333333334,6,1
114,Trees,6,7,1.7478680974667573,0.8163265306122449,5.444444444444445,0.9755037590061084
115,Trees,4,5,1.3321790402101223,0.72,3.571428571428571,0.9609640474436812
116,Trees,5,6,1.5607104090414063,0.7777777777777778,4.5,0.9697238998682473
117,Trees,5,6,1.5607104090414063,0.7777777777777778,4.5,0.9697238998682473
118,Trees,5,10,1.4184836619456564,0.72,3.571428571428571,0.881353453268883
119,Trees,6,7,1.7478680974667573,0.8163265306122449,5.444444444444445,0.9755037590061084
12,Trees,3,5,0.9502705392332347,0.56,2.272727272727273,0.8649735207179272
120,Trees,7,7,1.9459101490553132,0.8571428571428572,7,1
121,Trees,6,7,1.7478680974667573,0.8163265306122449,5.444444444444445,0.9755037590061084
122,Trees,4,4,1.3862943611198906,0.75,4,1
123,Trees,6,9,1.6769877743224173,0.7901234567901234,4.764705882352941,0.935944697445866
124,Trees,7,7,1.9459101490553132,0.8571428571428572,7,1
125,Trees,6,6,1.791759469228055,0.8333333333333334,6,1
126,Trees,4,7,1.1537419427010902,0.6122448979591837,2.5789473684210527,0.8322488896002307
127,Trees,5,7,1.5498260458782016,0.7755102040816326,4.454545454545455,0.9629610647945144
128,Trees,7,9,1.8891591637540215,0.8395061728395061,6.230769230769231,0.9708357627258161
129,Trees,4,6,1.3296613488547582,0.7222222222222222,3.5999999999999996,0.9591479170272448
13,Trees,6,13,1.2852930241200993,0.5917159763313609,2.4492753623188404,0.7173356949936159
130,Trees,8,15,1.8943120247335319,0.8177777777777777,5.48780487804878,0.9109715213264661
131,Trees,9,12,2.1383330595080277,0.875,8,0.973197315178593
132,Trees,9,13,2.031759218569271,0.8402366863905325,6.259259259259259,0.9246934699012204
133,Trees,11,15,2.3034884952192693,0.8888888888888888,9,0.9606293157795305
134,Trees,11,14,2.341994252232425,0.8979591836734694,9.8,0.9766874637103277
135,Trees,12,19,2.3607360902738552,0.8919667590027701,9.256410256410257,0.9500300908588503
136,Trees,4,10,0.9404479886553263,0.4800000000000001,1.9230769230769234,0.6783898247235197
137,Trees,2,7,0.5982695885852573,0.40816326530612246,1.6896551724137931,0.8631205685666311
138,Trees,5,11,1.4681399390162087,0.743801652892562,3.9032258064516134,0.9122066329329885
139,Trees,4,9,1.1490596969706202,0.6172839506172839,2.6129032258064515,0.8288713632524444
14,Trees,3,7,0.9556998911125343,0.5714285714285714,2.3333333333333335,0.8699155297736259
140,Trees,5,7,1.5498260458782016,0.7755102040816326,4.454545454545455,0.9629610647945144
141,Trees,3,7,0.9556998911125343,0.5714285714285714,2.3333333333333335,0.8699155297736259
142,Trees,4,7,1.277034259466139,0.6938775510204083,3.266666666666667,0.9211854965885543
143,Trees,5,8,1.4941751382893083,0.75,4,0.9283832117695864
144,Trees,3,7,0.796311640173813,0.44897959183673464,1.8148148148148147,0.7248340915057598
145,Trees,1,2,0,0,1,NA
146,Trees,6,7,1.7478680974667573,0.8163265306122449,5.444444444444445,0.9755037590061084
147,Trees,1,7,0,0,1,NA
148,Trees,5,11,1.4142790651247086,0.7107438016528926,3.4571428571428573,0.8787409903782898
149,Trees,9,25,1.8332976663616356,0.7807999999999999,4.562043795620437,0.8343697250029004
15,Trees,6,9,1.6769877743224173,0.7901234567901234,4.764705882352941,0.935944697445866
150,Trees,8,10,2.0253262207700677,0.86,7.142857142857142,0.9739760316291209
151,Trees,9,10,2.1639556568820564,0.88,8.333333333333332,0.9848586617875463
152,Trees,6,8,1.6674619334292946,0.78125,4.571428571428571,0.9306282244165778
153,Trees,10,12,2.2538575896013517,0.8888888888888888,9,0.978837914159631
154,Trees,6,11,1.4205719259467042,0.6611570247933884,2.951219512195122,0.7928362876512272
155,Trees,4,10,1.1682824501765625,0.64,2.7777777777777777,0.8427376486136672
156,Trees,4,6,1.242453324894,0.6666666666666667,3,0.8962406251802889
157,Trees,3,5,0.9502705392332347,0.56,2.272727272727273,0.8649735207179272
158,Trees,3,7,0.9556998911125343,0.5714285714285714,2.3333333333333335,0.8699155297736259
159,Trees,4,6,1.3296613488547582,0.7222222222222222,3.5999999999999996,0.9591479170272448
16,Trees,8,11,1.9722469794234416,0.8429752066115703,6.36842105263158,0.948450312207479
160,Trees,4,7,1.277034259466139,0.6938775510204083,3.266666666666667,0.9211854965885543
161,Trees,5,6,1.5607104090414063,0.7777777777777778,4.5,0.9697238998682473
162,Trees,2,5,0.6730116670092565,0.48,1.923076923076923,0.9709505944546688
163,Trees,5,15,1.2634794940650305,0.6577777777777778,2.9220779220779223,0.7850439487623072
164,Trees,3,4,1.0397207708399179,0.625,2.6666666666666665,0.946394630357186
165,Trees,4,33,0.40450994177361177,0.1707988980716254,1.2059800664451827,0.29179224349353655
166,Trees,9,23,1.5979265097580382,0.6843100189035918,3.167664670658683,0.7272476952243391
167,Trees,5,7,1.5498260458782016,0.7755102040816326,4.454545454545455,0.9629610647945144
168,Trees,8,19,1.7816188084536426,0.7922437673130194,4.8133333333333335,0.8567775399035248
169,Trees,6,14,1.5367224694372192,0.7346938775510204,3.7692307692307696,0.8576611402529863
17,Trees,11,13,2.3516733019046305,0.8994082840236686,9.941176470588234,0.9807239409418417
170,Trees,5,18,1.5089177597971124,0.7592592592592593,4.153846153846153,0.9375433175393749
171,Trees,10,14,2.2055983590263937,0.8775510204081632,8.166666666666668,0.95787919662003
172,Trees,7,7,1.9459101490553132,0.8571428571428572,7,1
173,Trees,5,7,1.5498260458782016,0.7755102040816326,4.454545454545455,0.9629610647945144
174,Trees,6,7,1.7478680974667573,0.8163265306122449,5.444444444444445,0.9755037590061084
175,Trees,5,6,1.5607104090414063,0.7777777777777778,4.5,0.9697238998682473
176,Trees,5,7,1.5498260458782016,0.7755102040816326,4.454545454545455,0.9629610647945144
177,Trees,6,8,1.6674619334292946,0.78125,4.571428571428571,0.9306282244165778
178,Trees,3,4,1.0397207708399179,0.625,2.6666666666666665,0.946394630357186
179,Trees,4,5,1.3321790402101223,0.72,3.571428571428571,0.9609640474436812
18,Trees,4,6,1.242453324894,0.6666666666666667,3,0.8962406251802889
180,Trees,1,58,0,0,1,NA
181,Trees,9,24,2.0228085294147036,0.8333333333333334,6,0.920619835714305
182,Trees,3,7,1.0042424730540764,0.6122448979591837,2.5789473684210527,0.914100892018565
183,Trees,1,1,0,0,1,NA
184,Trees,3,5,0.9502705392332347,0.56,2.272727272727273,0.8649735207179272
185,Trees,7,14,1.7298201303799212,0.7857142857142857,4.666666666666667,0.8889516976000675
186,Trees,6,11,1.5941666991180168,0.7603305785123967,4.172413793103448,0.88972137527189
187,Trees,6,11,1.6417347121875212,0.7768595041322314,4.481481481481481,0.9162695888499091
188,Trees,6,11,1.540305825226517,0.7272727272727273,3.666666666666667,0.8596610491977074
189,Trees,8,10,2.0253262207700677,0.86,7.142857142857142,0.9739760316291209
19,Trees,1,1,0,0,1,NA
190,Trees,6,12,1.5832584594204766,0.75,4,0.8836333707797247
191,Trees,5,12,1.3522093992338282,0.6944444444444444,3.2727272727272725,0.8401749385838427
192,Trees,3,6,0.8675632284814612,0.5,2,0.7896900821428474
193,Trees,7,8,1.9061547465398494,0.84375,6.4,0.9795697645470609
194,Trees,4,5,1.3321790402101223,0.72,3.571428571428571,0.9609640474436812
195,Trees,7,8,1.9061547465398494,0.84375,6.4,0.9795697645470609
196,Trees,7,12,1.791759469228055,0.8055555555555556,5.142857142857143,0.9207822211616018
197,Trees,5,8,1.559581156259877,0.78125,4.571428571428571,0.9690222556651344
198,Trees,1,1,0,0,1,NA
199,Trees,5,9,1.5229550675313184,0.7654320987654322,4.2631578947368425,0.946265187221801
2,Trees,2,7,0.6829081047004717,0.48979591836734704,1.9600000000000004,0.9852281360342515
20,Trees,1,1,0,0,1,NA
200,Trees,9,14,2.069202465820362,0.8571428571428572,7,0.9417346261113355
201,Trees,1,20,0,0,1,NA
202,Trees,10,18,2.106170916206464,0.8518518518518519,6.75,0.9146984068535835
203,Trees,7,9,1.8310204811135162,0.8148148148148149,5.4,0.9409583900892994
204,Trees,3,16,0.7029189307735104,0.3984375,1.6623376623376624,0.6398243839286435
205,Trees,1,1,0,0,1,NA
206,Trees,3,8,0.7356219397587946,0.40625,1.6842105263157894,0.6695919455357792
207,Trees,9,10,2.1639556568820564,0.88,8.333333333333332,0.9848586617875463
208,Trees,8,11,1.9722469794234416,0.8429752066115703,6.36842105263158,0.948450312207479
209,Trees,5,7,1.5498260458782016,0.7755102040816326,4.454545454545455,0.9629610647945144
21,Trees,1,1,0,0,1,NA
210,Trees,4,6,1.3296613488547582,0.7222222222222222,3.5999999999999996,0.9591479170272448
211,Trees,3,6,1.0986122886681096,0.6666666666666667,3,0.9999999999999998
212,Trees,7,8,1.9061547465398494,0.84375,6.4,0.9795697645470609
213,Trees,6,7,1.7478680974667573,0.8163265306122449,5.444444444444445,0.9755037590061084
214,Trees,3,5,0.9502705392332347,0.56,2.272727272727273,0.8649735207179272
215,Trees,10,11,2.2718685126965625,0.8925619834710744,9.307692307692307,0.9866599586738648
216,Trees,5,6,1.5607104090414063,0.7777777777777778,4.5,0.9697238998682473
217,Trees,1,1,0,0,1,NA
218,Trees,4,8,1.2554823251787535,0.6875,3.2,0.9056390622295664
219,Trees,6,7,1.7478680974667573,0.8163265306122449,5.444444444444445,0.9755037590061084
22,Trees,9,12,2.0947290475276485,0.8611111111111112,7.199999999999999,0.9533522741071692
220,Trees,3,10,0.9502705392332347,0.56,2.272727272727273,0.8649735207179272
221,Trees,2,2,0.6931471805599453,0.5,2,1
23,Trees,6,19,1.4301030049597612,0.703601108033241,3.373831775700935,0.7981556841309138
24,Trees,2,4,0.6931471805599453,0.5,2,1
25,Trees,4,5,1.3321790402101223,0.72,3.571428571428571,0.9609640474436812
26,Trees,8,13,1.9512595041439562,0.8402366863905325,6.259259259259259,0.9383574700386479
27,Trees,4,7,1.277034259466139,0.6938775510204083,3.266666666666667,0.9211854965885543
28,Trees,1,14,0,0,1,NA
29,Trees,4,11,1.2406842919533958,0.6776859504132231,3.1025641025641026,0.8949645376549995
3,Trees,3,6,1.0986122886681096,0.6666666666666667,3,0.9999999999999998
30,Trees,6,10,1.6094379124341003,0.76,4.166666666666666,0.8982444017039272
31,Trees,2,9,0.5297061990576545,0.345679012345679,1.5283018867924527,0.7642045065086203
32,Trees,6,16,1.5607002228431979,0.7578125,4.129032258064516,0.8710433792296884
33,Trees,5,10,1.5047882836811908,0.76,4.166666666666667,0.9349775297671233
34,Trees,4,5,1.3321790402101223,0.72,3.571428571428571,0.9609640474436812
35,Trees,6,18,1.5127633969661096,0.7407407407407407,3.857142857142857,0.8442893273045486
36,Trees,2,7,0.410116318288409,0.24489795918367352,1.3243243243243243,0.5916727785823274
37,Trees,4,5,1.3321790402101223,0.72,3.571428571428571,0.9609640474436812
38,Trees,7,7,1.9459101490553132,0.8571428571428572,7,1
39,Trees,5,9,1.303092403761719,0.6419753086419753,2.7931034482758617,0.809656833416415
4,Trees,1,6,0,0,1,NA
40,Trees,5,13,1.3114313374732374,0.6745562130177514,3.0727272727272723,0.8148381042483582
41,Trees,6,23,1.483124116028697,0.722117202268431,3.598639455782313,0.8277473296500408
42,Trees,2,19,0.4361623253853443,0.2659279778393353,1.3622641509433964,0.6292492238560347
43,Trees,7,14,1.8095142558492818,0.8163265306122449,5.444444444444445,0.9299063765753789
44,Trees,9,14,2.0449311748495913,0.8469387755102041,6.533333333333334,0.930688285550101
45,Trees,4,5,1.3321790402101223,0.72,3.571428571428571,0.9609640474436812
46,Trees,7,7,1.9459101490553132,0.8571428571428572,7,1
47,Trees,2,6,0.45056120886630463,0.2777777777777777,1.3846153846153844,0.6500224216483541
48,Trees,10,14,2.2055983590263937,0.8775510204081632,8.166666666666668,0.95787919662003
49,Trees,6,10,1.6957425341696346,0.8,5,0.9464119282150146
5,Trees,12,13,2.4583113296830836,0.9112426035502958,11.266666666666666,0.9892972558517699
50,Trees,4,14,0.7549967581308246,0.3673469387755103,1.5806451612903227,0.5446150394212924
51,Trees,3,10,0.639031859650177,0.33999999999999986,1.515151515151515,0.5816718657178868
52,Trees,9,11,2.1458417525947544,0.8760330578512396,8.066666666666666,0.9766146686727132
53,Trees,2,6,0.45056120886630463,0.2777777777777777,1.3846153846153844,0.6500224216483541
54,Trees,7,10,1.7480673485460894,0.78,4.545454545454545,0.8983289127685206
55,Trees,3,5,1.0549201679861442,0.6399999999999999,2.7777777777777772,0.9602297178607612
56,Trees,9,11,2.1458417525947544,0.8760330578512396,8.066666666666666,0.9766146686727132
57,Trees,4,7,1.277034259466139,0.6938775510204083,3.266666666666667,0.9211854965885543
58,Trees,1,12,0,0,1,NA
59,Trees,7,11,1.7677614722893296,0.7933884297520661,4.84,0.9084496903145964
6,Trees,4,7,1.1537419427010902,0.6122448979591837,2.5789473684210527,0.8322488896002307
60,Trees,5,13,1.1786549963416462,0.5798816568047337,2.380281690140845,0.7323395250202963
61,Trees,14,17,2.588573162682118,0.9204152249134948,12.565217391304348,0.9808703788407277
62,Trees,6,6,1.791759469228055,0.8333333333333334,6,1
63,Trees,4,6,1.242453324894,0.6666666666666667,3,0.8962406251802889
64,Trees,10,16,2.0140355237092673,0.8125,5.333333333333333,0.8746845143040606
65,Trees,4,5,1.3321790402101223,0.72,3.571428571428571,0.9609640474436812
66,Trees,6,7,1.7478680974667573,0.8163265306122449,5.444444444444445,0.9755037590061084
67,Trees,8,11,2.0198149924929463,0.859504132231405,7.117647058823529,0.9713256910609176
68,Trees,4,10,1.0888999753452238,0.5800000000000001,2.380952380952381,0.7854752972273344
69,Trees,9,11,2.1458417525947544,0.8760330578512396,8.066666666666666,0.9766146686727132
7,Trees,4,5,1.3321790402101223,0.72,3.571428571428571,0.9609640474436812
70,Trees,3,8,1.0821955300387673,0.65625,2.909090909090909,0.9850568223215079
71,Trees,11,13,2.3516733019046305,0.8994082840236686,9.941176470588234,0.9807239409418417
72,Trees,5,9,1.4270610433807247,0.7160493827160495,3.5217391304347827,0.886682880001534
73,Trees,5,14,1.2963611597910563,0.6734693877551021,3.0625000000000004,0.8054744763843985
74,Trees,7,11,1.666332585328325,0.743801652892562,3.9032258064516134,0.8563255534369274
75,Trees,4,16,1.3208883431493221,0.71875,3.5555555555555554,0.9528195311147832
76,Trees,8,12,2.0228085294147036,0.8611111111111112,7.199999999999999,0.9727652780181634
77,Trees,5,19,1.3371453500728239,0.6980609418282548,3.3119266055045875,0.8308151185841873
78,Trees,6,9,1.6769877743224173,0.7901234567901234,4.764705882352941,0.935944697445866
79,Trees,8,15,1.771623955677366,0.7733333333333333,4.411764705882352,0.851971031725275
8,Trees,9,9,2.1972245773362196,0.8888888888888888,9,1
80,Trees,7,10,1.7480673485460894,0.78,4.545454545454545,0.8983289127685206
81,Trees,11,15,2.3034884952192693,0.8888888888888888,9,0.9606293157795305
82,Trees,4,7,1.277034259466139,0.6938775510204083,3.266666666666667,0.9211854965885543
83,Trees,7,11,1.893788232391138,0.8429752066115702,6.368421052631579,0.973214633425146
84,Trees,3,7,0.796311640173813,0.44897959183673464,1.8148148148148147,0.7248340915057598
85,Trees,2,11,0.47413931305783735,0.2975206611570247,1.4235294117647057,0.6840384356390417
86,Trees,5,9,1.303092403761719,0.6419753086419753,2.7931034482758617,0.809656833416415
87,Trees,7,11,1.7986522062521288,0.8099173553719008,5.260869565217392,0.924324387292664
88,Trees,7,12,1.748155457247676,0.7916666666666667,4.800000000000001,0.8983741916842144
89,Trees,4,11,1.2945451658448959,0.7107438016528926,3.4571428571428573,0.933816945485606
9,Trees,4,5,1.3321790402101223,0.72,3.571428571428571,0.9609640474436812
90,Trees,5,8,1.3862943611198906,0.6875,3.2,0.8613531161467861
91,Trees,6,10,1.6957425341696346,0.8,5,0.9464119282150146
92,Trees,8,15,1.8065071652616693,0.7822222222222222,4.591836734693877,0.8687463095511299
93,Trees,5,7,1.4750763110546947,0.7346938775510204,3.7692307692307696,0.9165164431996023
94,Trees,4,6,1.242453324894,0.6666666666666667,3,0.8962406251802889
95,Trees,3,6,0.8675632284814612,0.5,2,0.7896900821428474
96,Trees,5,8,1.4941751382893083,0.75,4,0.9283832117695864
97,Trees,5,7,1.5498260458782016,0.7755102040816326,4.454545454545455,0.9629610647945144
98,Trees,2,7,0.410116318288409,0.24489795918367352,1.3243243243243243,0.5916727785823274
99,Trees,3,7,0.796311640173813,0.44897959183673464,1.8148148148148147,0.7248340915057598
1,Shrubs,5,195,0.8291596649532325,0.43839579224194614,1.7806134394755329,0.5151858661631864
10,Shrubs,6,54,1.3778549487493648,0.6893004115226338,3.2185430463576163,0.7689954887432446
100,Shrubs,2,90,0.5908422462755826,0.4012345679012346,1.6701030927835052,0.8524051786494786
101,Shrubs,5,141,1.4163552630701943,0.7382928424123535,3.8210647703248126,0.880031004692881
102,Shrubs,3,112,1.0877797366398703,0.6592793367346939,2.9349555451567615,0.9901397862194203
103,Shrubs,3,110,1.070235949193081,0.6487603305785123,2.8470588235294114,0.9741707427017493
104,Shrubs,3,125,1.0509134745090587,0.6368,2.7533039647577096,0.9565826682888481
105,Shrubs,3,110,1.0594782926538544,0.640495867768595,2.7816091954022992,0.9643787017331664
107,Shrubs,1,45,0,0,1,NA
108,Shrubs,4,86,1.0691251685578795,0.6179015684153596,2.617126680820948,0.771210789384015
109,Shrubs,1,30,0,0,1,NA
11,Shrubs,6,31,1.6432068877139063,0.7845993756503642,4.642512077294686,0.9170912256553333
110,Shrubs,1,10,0,0,1,NA
111,Shrubs,3,50,0.639031859650177,0.33999999999999986,1.515151515151515,0.5816718657178868
112,Shrubs,1,10,0,0,1,NA
115,Shrubs,1,10,0,0,1,NA
116,Shrubs,1,20,0,0,1,NA
117,Shrubs,2,93,0.1425058673927378,0.06243496357960443,1.0665926748057712,0.20559250818508307
118,Shrubs,1,20,0,0,1,NA
119,Shrubs,3,42,0.8515842539195699,0.54421768707483,2.194029850746269,0.7751453926953416
12,Shrubs,5,51,1.4606520994523908,0.750480584390619,4.007704160246533,0.907554176627611
120,Shrubs,4,92,1.021253609523689,0.5860113421550095,2.415525114155251,0.73667875897489
121,Shrubs,3,20,1.0397207708399179,0.625,2.6666666666666665,0.946394630357186
122,Shrubs,2,22,0.30463609734923813,0.16528925619834722,1.1980198019801982,0.43949698692151334
123,Shrubs,4,65,1.2047933096947843,0.6627218934911242,2.964912280701754,0.8690746665964332
124,Shrubs,1,5,0,0,1,NA
125,Shrubs,2,15,0.6365141682948128,0.4444444444444444,1.7999999999999998,0.9182958340544894
127,Shrubs,2,50,0.5004024235381879,0.31999999999999984,1.4705882352941173,0.7219280948873623
128,Shrubs,3,80,0.9743147528693494,0.59375,2.4615384615384617,0.8868595071429147
129,Shrubs,2,125,0.6923469670899615,0.4992,1.996805111821086,0.9988455359952018
13,Shrubs,7,43,1.5375140508887675,0.7160627366143861,3.521904761904762,0.7901259221219381
130,Shrubs,5,165,1.4266143371809443,0.724775022956841,3.6333911650874144,0.8864053258341261
132,Shrubs,1,40,0,0,1,NA
133,Shrubs,1,20,0,0,1,NA
134,Shrubs,3,43,0.9707692627777185,0.5949161709031909,2.4686248331108147,0.8836322629838955
135,Shrubs,3,50,1.0549201679861442,0.6399999999999999,2.7777777777777772,0.9602297178607612
136,Shrubs,2,20,0.6931471805599453,0.5,2,1
137,Shrubs,1,20,0,0,1,NA
139,Shrubs,1,5,0,0,1,NA
14,Shrubs,13,78,2.2120313851775957,0.863905325443787,7.347826086956523,0.8624074306741032
140,Shrubs,1,40,0,0,1,NA
141,Shrubs,2,40,0.6931471805599453,0.5,2,1
142,Shrubs,2,15,0.6365141682948128,0.4444444444444444,1.7999999999999998,0.9182958340544894
143,Shrubs,2,4,0.6931471805599453,0.5,2,1
144,Shrubs,3,25,1.0549201679861442,0.6399999999999999,2.7777777777777772,0.9602297178607612
145,Shrubs,3,90,0.8675632284814612,0.5,2,0.7896900821428474
146,Shrubs,2,94,0.6543912549266473,0.46174739701222267,1.8578637510513034,0.9440870182837795
147,Shrubs,1,90,0,0,1,NA
148,Shrubs,4,137,1.1029254291636004,0.616442005434493,2.6071676621753017,0.795592523562329
149,Shrubs,1,10,0,0,1,NA
151,Shrubs,2,35,0.410116318288409,0.24489795918367352,1.3243243243243243,0.5916727785823274
152,Shrubs,3,85,1.0176029861159162,0.6089965397923875,2.5575221238938055,0.9262621550953118
153,Shrubs,2,56,0.6905939864775922,0.49744897959183676,1.9898477157360408,0.9963165195589622
154,Shrubs,5,111,1.2412425820020274,0.6541676811947083,2.891574747711805,0.7712273784608333
155,Shrubs,3,60,1.0114042647073518,0.6111111111111112,2.571428571428571,0.920619835714305
156,Shrubs,2,20,0.6931471805599453,0.5,2,1
157,Shrubs,4,98,1.2809123679513532,0.6997084548104956,3.3300970873786406,0.9239829605283782
158,Shrubs,2,60,0.5004024235381879,0.31999999999999984,1.4705882352941173,0.7219280948873623
159,Shrubs,2,40,0.6931471805599453,0.5,2,1
16,Shrubs,4,16,1.234244945579329,0.6640625,2.9767441860465116,0.8903195311147832
160,Shrubs,2,45,0.6869615765973234,0.49382716049382713,1.975609756097561,0.9910760598382222
161,Shrubs,2,30,0.6365141682948128,0.4444444444444444,1.7999999999999998,0.9182958340544894
162,Shrubs,2,22,0.30463609734923813,0.16528925619834722,1.1980198019801982,0.43949698692151334
163,Shrubs,4,49,1.0083859068736662,0.5531028738025823,2.2376514445479962,0.7273966735744792
164,Shrubs,4,24,1.1269287948006759,0.625,2.6666666666666665,0.8129072918469556
165,Shrubs,8,32,1.7496522544628956,0.771484375,4.3760683760683765,0.8414048769312715
166,Shrubs,9,32,1.8249567573682994,0.7890625,4.7407407407407405,0.8305736137271709
167,Shrubs,7,106,1.2987991120855917,0.6625133499466002,2.963080168776371,0.6674507107720896
168,Shrubs,10,34,1.819530964823453,0.7577854671280277,4.128571428571429,0.7902122576749254
169,Shrubs,12,75,2.2540997908523193,0.8807111111111111,8.383010432190758,0.9071164870698977
17,Shrubs,2,59,0.32879120265774,0.18270611893134148,1.223550087873462,0.4743454375622396
170,Shrubs,9,75.5,1.6924971193034142,0.7492653830972326,3.988280566730803,0.7702886344714449
171,Shrubs,7,59,1.068850987971866,0.505027291008331,2.0203134068485205,0.5492807509590123
172,Shrubs,2,12,0.45056120886630463,0.2777777777777777,1.3846153846153844,0.6500224216483541
173,Shrubs,1,2,0,0,1,NA
174,Shrubs,1,20,0,0,1,NA
175,Shrubs,2,60,0.6365141682948128,0.4444444444444444,1.7999999999999998,0.9182958340544894
176,Shrubs,3,32,0.8305236914828463,0.5078125,2.0317460317460316,0.7559752426306121
177,Shrubs,1,30,0,0,1,NA
18,Shrubs,12,101,2.301229302534364,0.8838349181452798,8.6084388185654,0.9260827978108124
180,Shrubs,3,71,0.7473122768381871,0.5038682801031541,2.0155937624950018,0.6802329489179324
181,Shrubs,3,220,0.8158498651845185,0.475206611570248,1.9055118110236224,0.7426185503291656
182,Shrubs,4,111,0.7538435710620094,0.42772502231961695,1.7474117146504042,0.5437831907885939
183,Shrubs,7,55,1.6378628771107746,0.7834710743801653,4.618320610687023,0.8416950175761778
184,Shrubs,5,105,1.2035750992500946,0.6122448979591837,2.5789473684210527,0.7478232555301358
185,Shrubs,6,28,1.2378266633504993,0.6224489795918368,2.6486486486486487,0.690844214644387
186,Shrubs,8,160,1.6882930336104565,0.75,4,0.8118973290523966
187,Shrubs,9,110,1.8521743970572275,0.8039669421487603,5.101180438448567,0.8429608953776997
188,Shrubs,7,69,1.5190771605727478,0.7250577609745852,3.637127578304049,0.7806512347500827
189,Shrubs,2,23,0.5235863374812598,0.3402646502835538,1.5157593123209168,0.7553754125614287
190,Shrubs,1,10,0,0,1,NA
191,Shrubs,3,80,1.0397207708399179,0.625,2.6666666666666665,0.946394630357186
193,Shrubs,2,30,0.6365141682948128,0.4444444444444444,1.7999999999999998,0.9182958340544894
194,Shrubs,1,30,0,0,1,NA
195,Shrubs,2,50,0.6730116670092565,0.48,1.923076923076923,0.9709505944546688
197,Shrubs,4,39,1.0876060351780106,0.5969756738987508,2.4812398042414356,0.7845419166961117
199,Shrubs,7,42,1.7089165796961077,0.7857142857142857,4.666666666666667,0.8782093975540137
2,Shrubs,8,92,1.8813126996839442,0.8310491493383743,5.918881118881119,0.9047201673984847
200,Shrubs,3,7,0.9556998911125343,0.5714285714285714,2.3333333333333335,0.8699155297736259
201,Shrubs,9,79,1.8814653278844655,0.8120493510655344,5.320545609548168,0.8562917724893824
203,Shrubs,13,74,2.191460411236486,0.8287070854638422,5.837953091684435,0.8543873994476511
204,Shrubs,3,36,0.5256547436773554,0.28549382716049376,1.3995680345572352,0.47847156735760443
206,Shrubs,9,29,1.9030552774914378,0.8180737217598097,5.496732026143791,0.8661177820059638
207,Shrubs,5,12,1.4241299173467734,0.7222222222222222,3.5999999999999996,0.8848616689990428
209,Shrubs,1,40,0,0,1,NA
210,Shrubs,1,45,0,0,1,NA
211,Shrubs,1,60,0,0,1,NA
212,Shrubs,1,2,0,0,1,NA
213,Shrubs,1,20,0,0,1,NA
214,Shrubs,1,25,0,0,1,NA
215,Shrubs,1,80,0,0,1,NA
216,Shrubs,1,20,0,0,1,NA
217,Shrubs,11,61,2.0195545827427948,0.8320343993550121,5.953600000000001,0.8422196772530236
218,Shrubs,1,10,0,0,1,NA
219,Shrubs,6,28,1.6616221837769056,0.7959183673469388,4.9,0.9273689980791805
22,Shrubs,7,55,1.7345092854915005,0.8,5,0.8913614466390228
220,Shrubs,5,50,1.2152838784948117,0.6583999999999999,2.927400468384074,0.7550983291159251
23,Shrubs,10,54,2.0938996726291985,0.8600823045267489,7.147058823529413,0.9093690734818863
25,Shrubs,8,94,1.448303111736147,0.7095971027614305,3.4434918160561185,0.6964865723352646
27,Shrubs,6,35,1.567155499507092,0.7657142857142858,4.2682926829268295,0.874646137733136
28,Shrubs,11,45,2.0630230270929064,0.8345679012345679,6.044776119402986,0.8603474265518425
29,Shrubs,5,24,1.5715219770891087,0.7847222222222222,4.64516129032258,0.9764415047936532
3,Shrubs,4,52,0.9407921837684055,0.5170118343195267,2.0704441041347628,0.6786381090148884
30,Shrubs,8,60,1.8838008472174117,0.8161111111111111,5.438066465256798,0.9059167134343293
31,Shrubs,5,37,0.9955765644941458,0.504017531044558,2.01620029455081,0.6185864995490532
32,Shrubs,4,37,1.0935266609818393,0.5975164353542732,2.484573502722323,0.7888127454391831
33,Shrubs,6,12,1.791759469228055,0.8333333333333334,6,1
34,Shrubs,8,77,1.7219685282223827,0.7798954292460787,4.543295019157089,0.8280918187444329
35,Shrubs,7,22,1.8708180924624371,0.8347107438016529,6.050000000000001,0.9614103165917854
36,Shrubs,4,44,0.9042204669756737,0.48863636363636365,1.9555555555555555,0.6522571917880536
37,Shrubs,7,55,1.4479017935480412,0.6803305785123968,3.1282316442606004,0.7440743316185273
38,Shrubs,7,74,1.1125706758496883,0.5116873630387144,2.047868362004488,0.5717482260883481
39,Shrubs,5,80,1.241499756599058,0.6246875000000001,2.6644462947543714,0.7713871700222498
4,Shrubs,5,55,1.3083293302414563,0.648595041322314,2.8457196613358424,0.812910718787996
40,Shrubs,5,23,1.0680061801842538,0.5330812854442344,2.1417004048582995,0.6635895500740443
41,Shrubs,5,24,1.4665254277964388,0.7465277777777778,3.945205479452055,0.9112034807099071
42,Shrubs,7,31,1.7891372552158136,0.801248699271592,5.031413612565444,0.9194346697273722
43,Shrubs,4,21,1.213163439036137,0.6621315192743764,2.9597315436241614,0.8751124386426176
44,Shrubs,5,38,1.0892479662896788,0.5332409972299168,2.1424332344213646,0.6767878138537878
45,Shrubs,6,49,1.3418704250764772,0.6955435235318617,3.2845417236662104,0.7489121436900212
46,Shrubs,8,53,1.8676069455068702,0.8009967960128159,5.025044722719142,0.8981290928708489
47,Shrubs,5,28,1.2783131927042202,0.6479591836734695,2.840579710144928,0.7942606439355652
48,Shrubs,3,24,0.9002560512685369,0.53125,2.1333333333333333,0.8194483718728035
49,Shrubs,5,21,1.4481540469570857,0.7392290249433107,3.834782608695653,0.8997886999983179
5,Shrubs,8,70,1.474852032606613,0.6714285714285715,3.0434782608695654,0.7092539044955228
50,Shrubs,7,25,1.7488617607459824,0.7968,4.921259842519685,0.898737159881204
51,Shrubs,11,44,2.226280648135583,0.8801652892561984,8.344827586206897,0.9284311426735032
52,Shrubs,11,31,2.2125010961100977,0.8761706555671176,8.075630252100842,0.9226846231395602
53,Shrubs,15,49.5,2.3576279754759266,0.8705234159779615,7.723404255319148,0.8705998044335894
54,Shrubs,5,15,1.459481873869085,0.7377777777777778,3.813559322033898,0.9068270745913876
55,Shrubs,9,24,2.0595148328600565,0.8576388888888888,7.024390243902438,0.937325594344519
56,Shrubs,4,13,1.3516811946858949,0.7337278106508875,3.755555555555555,0.975031878218105
57,Shrubs,12,53,2.020573247955717,0.8159487362050553,5.4332688588007745,0.8131384927993581
58,Shrubs,7,45,1.74894480007629,0.8049382716049382,5.1265822784810124,0.8987798336554005
59,Shrubs,13,60,2.3592028350899077,0.8888888888888888,9,0.9197853471168527
6,Shrubs,10,58,1.928215963183208,0.8145065398335315,5.3910256410256405,0.8374135527282309
60,Shrubs,7,37,1.789340359747442,0.8137326515704894,5.368627450980392,0.9195390448095039
61,Shrubs,13,44,2.321207651514965,0.884297520661157,8.642857142857142,0.9049721175829387
62,Shrubs,11,43,2.0800348384242815,0.8415359653866955,6.310580204778157,0.8674419029138238
63,Shrubs,5,73,1.3195458188239395,0.6886845562019142,3.2121760096443643,0.8198799149873819
64,Shrubs,6,49,1.352914368119287,0.6622240733027904,2.9605425400739827,0.7550758856612401
65,Shrubs,8,46,1.700838345695934,0.7514177693761814,4.022813688212928,0.8179303488964375
66,Shrubs,5,55,0.7390889730618934,0.3656198347107438,1.5763418447107869,0.4592217987111422
67,Shrubs,15,78,2.631102088099809,0.9220907297830375,12.835443037974684,0.9715854185527719
68,Shrubs,5,29,1.3849977430135134,0.7158145065398336,3.518828451882845,0.8605474820205115
69,Shrubs,11,40,2.1399714130532064,0.85,6.666666666666667,0.8924373959651022
7,Shrubs,7,48,1.8030358782543339,0.8168402777777778,5.459715639810426,0.9265771490680899
70,Shrubs,6,22,1.4895913817460145,0.7148760330578512,3.5072463768115942,0.8313567793716062
71,Shrubs,10,55,1.9380986427835836,0.8178512396694215,5.490018148820327,0.8417055459450918
72,Shrubs,14,39,2.472881977781914,0.9046679815910585,10.489655172413794,0.9370323069648622
73,Shrubs,10,39,2.105780175578799,0.85733070348454965,7.009216589861752,0.9145287103551331
74,Shrubs,9,60,1.8460134198206055,0.8038888888888889,5.099150141643059,0.8401569138001356
75,Shrubs,7,47,1.878133560497279,0.838388411045722,6.187675070028012,0.9651697234885497
76,Shrubs,10,59.3,2.0748937164724666,0.8505071818773834,6.689284559341057,0.9011148915997225
77,Shrubs,9,38,1.9598048161142152,0.8213296398891967,5.596899224806202,0.8919456100796772
78,Shrubs,9,63,1.882369372992577,0.7906273620559335,4.776173285198556,0.856703221149404
79,Shrubs,2,3,0.6365141682948128,0.4444444444444444,1.7999999999999998,0.9182958340544894
8,Shrubs,6,89,1.323919415486439,0.6537053402348187,2.8877141815530436,0.7388934944804976
80,Shrubs,8,43,1.528517944973324,0.7268793942671714,3.6613861386138615,0.7350617530409347
81,Shrubs,4,17,1.0710178890244566,0.5813148788927336,2.3884297520661155,0.7725760985994748
82,Shrubs,1,20,0,0,1,NA
84,Shrubs,1,5,0,0,1,NA
85,Shrubs,1,30,0,0,1,NA
86,Shrubs,2,55,0.6554817739013927,0.4628099173553719,1.8615384615384616,0.9456603046006401
87,Shrubs,1,18,0,0,1,NA
88,Shrubs,3,120,0.8675632284814612,0.5,2,0.7896900821428474
89,Shrubs,2,60,0.6365141682948128,0.4444444444444444,1.7999999999999998,0.9182958340544894
9,Shrubs,6,59,1.494545153653121,0.7308244757253662,3.71504802561366,0.8341215321144734
90,Shrubs,5,135,1.48519972602123,0.7517146776406036,4.027624309392266,0.9228064745753544
91,Shrubs,3,75,0.8608513906312316,0.49777777777777776,1.991150442477876,0.7835807040488098
92,Shrubs,2,41,0.6928497090635346,0.4997025580011898,1.9988109393579074,0.9995708393473225
93,Shrubs,1,30,0,0,1,NA
94,Shrubs,1,20,0,0,1,NA
95,Shrubs,2,60,0.5623351446188083,0.375,1.6,0.8112781244591328
96,Shrubs,2,30,0.6365141682948128,0.4444444444444444,1.7999999999999998,0.9182958340544894
97,Shrubs,2,85,0.6914160776171183,0.4982698961937716,1.993103448275862,0.9975025463691153
98,Shrubs,1,60,0,0,1,NA
99,Shrubs,5,160,1.3895765986107727,0.720703125,3.5804195804195804,0.8633924849633925
1,Herbs,2,19,0.5146531654289292,0.3324099722991689,1.4979253112033193,0.7424875695421236
10,Herbs,1,12,0,0,1,NA
100,Herbs,5,165,1.5735728764761505,0.7860422405876951,4.673819742489271,0.9777158002300892
101,Herbs,1,25,0,0,1,NA
102,Herbs,6,228,1.6802756989458112,0.7929362880886427,4.829431438127091,0.9377797231174816
103,Herbs,1,70,0,0,1,NA
104,Herbs,3,140,1.019025461146272,0.6147959183673469,2.596026490066225,0.9275569476668388
106,Herbs,1,50,0,0,1,NA
107,Herbs,2,100,0.6730116670092565,0.48,1.923076923076923,0.9709505944546688
108,Herbs,1,50,0,0,1,NA
109,Herbs,1,50,0,0,1,NA
11,Herbs,1,5,0,0,1,NA
110,Herbs,2,90,0.5297061990576545,0.345679012345679,1.5283018867924527,0.7642045065086203
111,Herbs,3,27,0.8872110027601253,0.5486968449931413,2.21580547112462,0.8075742570071973
112,Herbs,1,2,0,0,1,NA
113,Herbs,1,2,0,0,1,NA
114,Herbs,1,2,0,0,1,NA
115,Herbs,5,21,1.3668117912724405,0.6893424036281179,3.2189781021897814,0.8492479148855676
116,Herbs,5,18,1.5341414639483677,0.7716049382716049,4.378378378378378,0.9532156861075461
117,Herbs,3,27,0.7273876291758027,0.4115226337448561,1.6993006993006996,0.6620967530389114
118,Herbs,1,20,0,0,1,NA
119,Herbs,2,44,0.30463609734923813,0.16528925619834722,1.1980198019801982,0.43949698692151334
12,Herbs,7,83,1.6005883543732553,0.7606328930178545,4.177683444511825,0.82253970212874306
120,Herbs,2,45,0.34883209584303193,0.19753086419753085,1.2461538461538462,0.5032583347756457
121,Herbs,1,1,0,0,1,NA
122,Herbs,1,2,0,0,1,NA
123,Herbs,1,5,0,0,1,NA
124,Herbs,1,5,0,0,1,NA
125,Herbs,1,2,0,0,1,NA
126,Herbs,1,2,0,0,1,NA
127,Herbs,3,75,0.6277052571971504,0.3377777777777776,1.5100671140939594,0.5713619478607342
128,Herbs,2,54,0.2640520518256287,0.13717421124828522,1.1589825119236883,0.3809465857053901
129,Herbs,1,2,0,0,1,NA
13,Herbs,1,4,0,0,1,NA
130,Herbs,3,40,0.8492141469848026,0.5137499999999999,2.056555269922879,0.7729880283920161
132,Herbs,2,35,0.5982695885852573,0.40816326530612246,1.6896551724137931,0.8631205685666311
133,Herbs,1,25,0,0,1,NA
134,Herbs,1,25,0,0,1,NA
135,Herbs,1,10,0,0,1,NA
136,Herbs,2,7,0.5982695885852573,0.40816326530612246,1.6896551724137931,0.8631205685666311
137,Herbs,3,35,0.9556998911125343,0.5714285714285714,2.3333333333333335,0.8699155297736259
138,Herbs,1,5,0,0,1,NA
139,Herbs,1,20,0,0,1,NA
14,Herbs,2,4,0.5623351446188083,0.375,1.6,0.8112781244591328
140,Herbs,1,20,0,0,1,NA
141,Herbs,1,20,0,0,1,NA
142,Herbs,1,20,0,0,1,NA
143,Herbs,1,4,0,0,1,NA
144,Herbs,1,4,0,0,1,NA
145,Herbs,3,20,1.0397207708399179,0.625,2.6666666666666665,0.946394630357186
146,Herbs,1,1,0,0,1,NA
147,Herbs,1,1,0,0,1,NA
148,Herbs,1,1,0,0,1,NA
149,Herbs,2,68,0.6398580139108886,0.4476643598615917,1.8104933437744715,0.9231199835423004
15,Herbs,3,18,0.8486855577264172,0.49382716049382713,1.975609756097561,0.7725068857142601
150,Herbs,1,23,0,0,1,NA
151,Herbs,1,15,0,0,1,NA
152,Herbs,1,15,0,0,1,NA
153,Herbs,1,70,0,0,1,NA
154,Herbs,1,5,0,0,1,NA
155,Herbs,1,5,0,0,1,NA
156,Herbs,1,5,0,0,1,NA
157,Herbs,4,36,1.173530565934189,0.625,2.666666666666666,0.8465233639024367
158,Herbs,1,6,0,0,1,NA
159,Herbs,1,5,0,0,1,NA
16,Herbs,1,4,0,0,1,NA
160,Herbs,1,5,0,0,1,NA
161,Herbs,1,5,0,0,1,NA
162,Herbs,1,5,0,0,1,NA
163,Herbs,1,5,0,0,1,NA
164,Herbs,6,102,1.239858013285498,0.6036139946174548,2.5227934044616873,0.6919779326293539
165,Herbs,1,3,0,0,1,NA
166,Herbs,1,1,0,0,1,NA
167,Herbs,2,3,0.6365141682948128,0.4444444444444444,1.7999999999999998,0.9182958340544894
168,Herbs,1,12,0,0,1,NA
169,Herbs,2,5,0.6730116670092565,0.48,1.923076923076923,0.9709505944546688
17,Herbs,1,2,0,0,1,NA
170,Herbs,1,4,0,0,1,NA
171,Herbs,2,10,0.6931471805599453,0.5,2,1
172,Herbs,1,5,0,0,1,NA
173,Herbs,1,5,0,0,1,NA
174,Herbs,1,10,0,0,1,NA
175,Herbs,2,9,0.6869615765973234,0.49382716049382713,1.975609756097561,0.9910760598382222
176,Herbs,1,5,0,0,1,NA
177,Herbs,1,4,0,0,1,NA
178,Herbs,1,8,0,0,1,NA
179,Herbs,2,13,0.666278442414676,0.47337278106508873,1.898876404494382,0.961236604722876
18,Herbs,1,5,0,0,1,NA
180,Herbs,1,4,0,0,1,NA
181,Herbs,1,4,0,0,1,NA
182,Herbs,3,42,0.9200990234897606,0.5498866213151927,2.221662468513854,0.8375102235614279
183,Herbs,2,25,0.5004024235381879,0.31999999999999984,1.4705882352941173,0.7219280948873623
184,Herbs,2,125,0.6730116670092565,0.48,1.923076923076923,0.9709505944546688
185,Herbs,1,50,0,0,1,NA
186,Herbs,8,111,1.700689737244773,0.7645483321158997,4.247156153050672,0.8178588833379294
187,Herbs,3,3,1.0986122886681096,0.6666666666666667,3,0.9999999999999998
188,Herbs,2,6,0.45056120886630463,0.2777777777777777,1.3846153846153844,0.6500224216483541
189,Herbs,1,5,0,0,1,NA
190,Herbs,2,40,0.6931471805599453,0.5,2,1
191,Herbs,1,20,0,0,1,NA
192,Herbs,2,12,0.45056120886630463,0.2777777777777777,1.3846153846153844,0.6500224216483541
193,Herbs,3,12,1.0281838593329258,0.625,2.666666666666666,0.9358932809493993
194,Herbs,1,2,0,0,1,NA
195,Herbs,1,5,0,0,1,NA
196,Herbs,2,14,0.5982695885852573,0.40816326530612246,1.6896551724137931,0.8631205685666311
197,Herbs,1,10,0,0,1,NA
199,Herbs,4,10,1.2798542258336676,0.7,3.333333333333333,0.9232196723355078
2,Herbs,1,4,0,0,1,NA
200,Herbs,1,1,0,0,1,NA
201,Herbs,1,8,0,0,1,NA
203,Herbs,2,8,0.37677016125643675,0.21875,1.28,0.5435644431995964
204,Herbs,1,1,0,0,1,NA
206,Herbs,1,1,0,0,1,NA
207,Herbs,1,2,0,0,1,NA
208,Herbs,1,1,0,0,1,NA
209,Herbs,2,24,0.45056120886630463,0.2777777777777777,1.3846153846153844,0.6500224216483541
210,Herbs,2,65,0.666278442414676,0.47337278106508873,1.898876404494382,0.961236604722876
211,Herbs,3,12,1.0281838593329258,0.625,2.666666666666666,0.9358932809493993
212,Herbs,1,5,0,0,1,NA
213,Herbs,1,5,0,0,1,NA
214,Herbs,1,5,0,0,1,NA
215,Herbs,1,5,0,0,1,NA
216,Herbs,4,11,1.2882523050229002,0.6942148760330579,3.2702702702702706,0.9292776059351572
217,Herbs,2,6,0.6931471805599453,0.5,2,1
218,Herbs,1,2,0,0,1,NA
219,Herbs,3,13,0.8981370031878679,0.5562130177514792,2.2533333333333334,0.8175195311866702
22,Herbs,3,42,0.6680178186607534,0.38095238095238104,1.6153846153846156,0.608056022630711
220,Herbs,2,2,0.6931471805599453,0.5,2,1
23,Herbs,1,5,0,0,1,NA
24,Herbs,2,15,0.39267446722755217,0.23111111111111104,1.3005780346820808,0.5665095065529053
25,Herbs,1,5,0,0,1,NA
27,Herbs,4,118,0.6403913593553622,0.32979029014650973,1.4920702957565368,0.4619447191850616
28,Herbs,2,9,0.6365141682948128,0.4444444444444444,1.7999999999999998,0.9182958340544894
29,Herbs,2,47,0.6262262845584756,0.4345857854232684,1.7686148919135307,0.9034535552068337
3,Herbs,9,72,1.756054791944406,0.7592592592592593,4.153846153846153,0.799214977866914
30,Herbs,1,3,0,0,1,NA
31,Herbs,2,5,0.6730116670092565,0.48,1.923076923076923,0.9709505944546688
32,Herbs,1,10,0,0,1,NA
33,Herbs,1,10,0,0,1,NA
34,Herbs,2,20,0.5623351446188083,0.375,1.6,0.8112781244591328
35,Herbs,1,2,0,0,1,NA
36,Herbs,2,8,0.5623351446188083,0.375,1.6,0.8112781244591328
37,Herbs,1,2,0,0,1,NA
38,Herbs,2,16,0.48257756517701206,0.3046875,1.4382022471910112,0.6962122601251458
39,Herbs,2,35,0.5982695885852573,0.40816326530612246,1.6896551724137931,0.8631205685666311
4,Herbs,3,22,0.9164648855394713,0.5619834710743802,2.2830188679245285,0.8342022886441013
40,Herbs,1,1,0,0,1,NA
41,Herbs,2,6,0.6365141682948128,0.4444444444444444,1.7999999999999998,0.9182958340544894
42,Herbs,1,4,0,0,1,NA
43,Herbs,1,4,0,0,1,NA
44,Herbs,1,12,0,0,1,NA
45,Herbs,7,102,0.5542847838594903,0.2183775470972703,1.279390063944909,0.2848460316261676
46,Herbs,1,4,0,0,1,NA
47,Herbs,2,17,0.362210557135449,0.20761245674740492,1.2620087336244543,0.5225593745369408
48,Herbs,1,1,0,0,1,NA
49,Herbs,1,1,0,0,1,NA
5,Herbs,1,3,0,0,1,NA
50,Herbs,1,1,0,0,1,NA
51,Herbs,1,4,0,0,1,NA
52,Herbs,1,10,0,0,1,NA
53,Herbs,3,5,0.9502705392332347,0.56,2.272727272727273,0.8649735207179272
54,Herbs,1,3,0,0,1,NA
55,Herbs,1,2,0,0,1,NA
56,Herbs,1,2,0,0,1,NA
57,Herbs,3,17,0.8037421073162029,0.45674740484429055,1.8407643312101907,0.731597594170925
58,Herbs,1,2,0,0,1,NA
59,Herbs,1,3,0,0,1,NA
6,Herbs,1,2,0,0,1,NA
60,Herbs,1,2,0,0,1,NA
61,Herbs,3,10,1.0296530140645737,0.62,2.6315789473684212,0.9372305632161295
62,Herbs,2,26,0.5402041423888608,0.3550295857988165,1.55045871559633,0.7793498372920851
63,Herbs,3,32,0.6561927920186199,0.361328125,1.5657492354740061,0.5972924195251337
64,Herbs,1,25,0,0,1,NA
65,Herbs,5,32,1.5852981315478214,0.791015625,4.785046728971962,0.9850011108227406
66,Herbs,2,17,0.4659992569610426,0.2906574394463668,1.4097560975609755,0.672294817075638
67,Herbs,1,2,0,0,1,NA
68,Herbs,1,6,0,0,1,NA
69,Herbs,4,18,1.310783678099714,0.7160493827160495,3.5217391304347827,0.9455305560363264
7,Herbs,1,3,0,0,1,NA
70,Herbs,3,10,1.0296530140645737,0.62,2.6315789473684212,0.9372305632161295
71,Herbs,3,66,0.69018190091517,0.38934802571166216,1.6375939849624062,0.6282306397208648
72,Herbs,2,4,0.5623351446188083,0.375,1.6,0.8112781244591328
73,Herbs,1,6,0,0,1,NA
74,Herbs,3,24,0.9184277849930976,0.5694444444444444,2.32258064516129,0.8359889967247164
75,Herbs,1,6,0,0,1,NA
76,Herbs,2,8,0.5623351446188083,0.375,1.6,0.8112781244591328
77,Herbs,1,6,0,0,1,NA
78,Herbs,1,3,0,0,1,NA
79,Herbs,1,1,0,0,1,NA
8,Herbs,1,3,0,0,1,NA
80,Herbs,2,10,0.3250829733914482,0.17999999999999994,1.2195121951219512,0.46899559358928117
82,Herbs,1,3,0,0,1,NA
83,Herbs,2,35,0.5982695885852573,0.40816326530612246,1.6896551724137931,0.8631205685666311
84,Herbs,1,25,0,0,1,NA
85,Herbs,3,110,0.9075352941050093,0.5289256198347108,2.1228070175438596,0.826074224242703
86,Herbs,1,20,0,0,1,NA
87,Herbs,1,45,0,0,1,NA
88,Herbs,1,45,0,0,1,NA
89,Herbs,1,25,0,0,1,NA
9,Herbs,2,56,0.3404997784712986,0.19132653061224492,1.2365930599369086,0.4912373418243331
90,Herbs,1,24,0,0,1,NA
91,Herbs,3,112,1.0883808035957767,0.6600765306122449,2.9418386491557227,0.9906869009405155
92,Herbs,1,40,0,0,1,NA
93,Herbs,2,9,0.6869615765973234,0.49382716049382713,1.975609756097561,0.9910760598382222
94,Herbs,2,95,0.5763341277567499,0.38781163434903054,1.6334841628959278,0.8314743880097293
95,Herbs,3,76,0.9325671013153216,0.5557479224376731,2.250974279033515,0.8488591570788898
96,Herbs,1,12,0,0,1,NA
97,Herbs,1,5,0,0,1,NA
98,Herbs,1,42,0,0,1,NA
99,Herbs,3,92,0.6229232860093138,0.3733459357277883,1.5957767722473606,0.567009210104966
1,Regeneration,1,50,0,0,1,NA
10,Regeneration,1,7,0,0,1,NA
100,Regeneration,1,40,0,0,1,NA
101,Regeneration,1,40,0,0,1,NA
102,Regeneration,1,30,0,0,1,NA
103,Regeneration,1,30,0,0,1,NA
104,Regeneration,3,122,1.0561818559824072,0.6402848696586939,2.779977586850953,0.961378155766724
107,Regeneration,2,60,0.6931471805599453,0.5,2,1
108,Regeneration,1,90,0,0,1,NA
109,Regeneration,6,16,1.6631355916141726,0.7890625,4.7407407407407405,0.9282136470754652
11,Regeneration,1,7,0,0,1,NA
110,Regeneration,6,17,1.7274635571421673,0.8096885813148789,5.254545454545454,0.9641157682210613
111,Regeneration,2,5,0.6730116670092565,0.48,1.923076923076923,0.9709505944546688
112,Regeneration,4,9,1.3689223607402192,0.7407407407407407,3.857142857142857,0.9874687506009635
113,Regeneration,4,9,1.3689223607402192,0.7407407407407407,3.857142857142857,0.9874687506009635
114,Regeneration,3,6,1.0986122886681096,0.6666666666666667,3,0.9999999999999998
115,Regeneration,4,9,1.3689223607402192,0.7407407407407407,3.857142857142857,0.9874687506009635
116,Regeneration,4,9,1.3689223607402192,0.7407407407407407,3.857142857142857,0.9874687506009635
117,Regeneration,2,4,0.6931471805599453,0.5,2,1
118,Regeneration,7,28,1.737011385219453,0.7882653061224489,4.72289156626506,0.8926472715416615
119,Regeneration,2,4,0.6931471805599453,0.5,2,1
12,Regeneration,1,3,0,0,1,NA
120,Regeneration,4,29,0.9281777694523325,0.4851367419738406,1.9422632794457273,0.6695387325261299
121,Regeneration,3,8,1.0397207708399179,0.625,2.6666666666666665,0.946394630357186
122,Regeneration,2,4,0.6931471805599453,0.5,2,1
123,Regeneration,1,2,0,0,1,NA
124,Regeneration,1,2,0,0,1,NA
125,Regeneration,1,2,0,0,1,NA
126,Regeneration,4,8,1.3862943611198906,0.75,4,1
127,Regeneration,3,35,0.796311640173813,0.44897959183673464,1.8148148148148147,0.7248340915057598
128,Regeneration,5,42,1.3998187998705331,0.699546485260771,3.3283018867924534,0.8697563224128722
129,Regeneration,2,25,0.5004024235381879,0.31999999999999984,1.4705882352941173,0.7219280948873623
13,Regeneration,1,3,0,0,1,NA
130,Regeneration,2,10,0.6931471805599453,0.5,2,1
132,Regeneration,2,25,0.5004024235381879,0.31999999999999984,1.4705882352941173,0.7219280948873623
133,Regeneration,4,15,1.3397942802855756,0.7288888888888889,3.6885245901639347,0.9664572819896989
134,Regeneration,2,7,0.5982695885852573,0.40816326530612246,1.6896551724137931,0.8631205685666311
135,Regeneration,1,2,0,0,1,NA
136,Regeneration,3,12,1.0281838593329258,0.625,2.666666666666666,0.9358932809493993
137,Regeneration,1,2,0,0,1,NA
138,Regeneration,1,2,0,0,1,NA
139,Regeneration,1,2,0,0,1,NA
14,Regeneration,2,3,0.6365141682948128,0.4444444444444444,1.7999999999999998,0.9182958340544894
140,Regeneration,2,4,0.6931471805599453,0.5,2,1
141,Regeneration,4,14,1.1537419427010902,0.6122448979591837,2.5789473684210527,0.8322488896002307
142,Regeneration,1,2,0,0,1,NA
143,Regeneration,5,10,1.6094379124341005,0.7999999999999999,4.999999999999999,1.0000000000000002
144,Regeneration,3,6,1.0986122886681096,0.6666666666666667,3,0.9999999999999998
146,Regeneration,1,1,0,0,1,NA
147,Regeneration,1,1,0,0,1,NA
148,Regeneration,1,1,0,0,1,NA
149,Regeneration,2,2,0.6931471805599453,0.5,2,1
15,Regeneration,2,32,0.5253213195155949,0.341796875,1.5192878338278932,0.7578784625383954
150,Regeneration,1,1,0,0,1,NA
151,Regeneration,1,25,0,0,1,NA
152,Regeneration,1,25,0,0,1,NA
153,Regeneration,2,10,0.6931471805599453,0.5,2,1
154,Regeneration,2,9,0.6869615765973234,0.49382716049382713,1.975609756097561,0.9910760598382222
155,Regeneration,3,60,1.0986122886681096,0.6666666666666667,3,0.9999999999999998
156,Regeneration,5,14.5,1.3968800800264727,0.72294887039239,3.6094420600858363,0.8679303931108737
157,Regeneration,1,5,0,0,1,NA
158,Regeneration,4,8,1.3862943611198906,0.75,4,1
159,Regeneration,1,4,0,0,1,NA
16,Regeneration,1,7,0,0,1,NA
160,Regeneration,3,23,0.4702359623552492,0.2344045368620038,1.306172839506173,0.4280272187063686
161,Regeneration,2,4,0.6931471805599453,0.5,2,1
162,Regeneration,3,27,0.7273876291758027,0.4115226337448561,1.6993006993006996,0.6620967530389114
163,Regeneration,3,74,0.24067990658985275,0.10336011687363034,1.115274949083503,0.219076292038967
164,Regeneration,1,1,0,0,1,NA
165,Regeneration,3,25,0.6004829082458254,0.3327999999999999,1.4988009592326137,0.5465830980043143
166,Regeneration,4,101,0.4378920194242755,0.20017645328889322,1.2502757690893491,0.315872322434128
167,Regeneration,1,5,0,0,1,NA
168,Regeneration,1,3,0,0,1,NA
169,Regeneration,1,3,0,0,1,NA
17,Regeneration,2,7,0.6829081047004717,0.48979591836734704,1.9600000000000004,0.9852281360342515
170,Regeneration,3,41,0.5591881213326034,0.29506246281975024,1.418565400843882,0.508994963100703
171,Regeneration,2,43,0.2530369754479396,0.12979989183342355,1.149160969546302,0.3650551896402849
172,Regeneration,1,3,0,0,1,NA
173,Regeneration,2,9,0.6869615765973234,0.49382716049382713,1.975609756097561,0.9910760598382222
174,Regeneration,3,27,0.7273876291758027,0.4115226337448561,1.6993006993006996,0.6620967530389114
175,Regeneration,4,47,1.0998757960621857,0.6247170665459485,2.664656212303981,0.7933926782863581
176,Regeneration,2,4,0.6931471805599453,0.5,2,1
177,Regeneration,3,27,0.7273876291758027,0.4115226337448561,1.6993006993006996,0.6620967530389114
178,Regeneration,3,77,0.8971420620516501,0.5447798954292461,2.19673953316043,0.8166138967363001
179,Regeneration,4,55,1.2636544318820966,0.6942148760330579,3.2702702702702706,0.9115339911368306
18,Regeneration,2,21,0.5982695885852573,0.40816326530612246,1.6896551724137931,0.8631205685666311
180,Regeneration,3,14,1.0042424730540764,0.6122448979591837,2.5789473684210527,0.914100892018565
181,Regeneration,4,10,1.3321790402101223,0.72,3.571428571428571,0.9609640474436812
182,Regeneration,1,5,0,0,1,NA
183,Regeneration,2,3,0.6365141682948128,0.4444444444444444,1.7999999999999998,0.9182958340544894
184,Regeneration,3,10,1.0296530140645737,0.62,2.6315789473684212,0.9372305632161295
185,Regeneration,1,10,0,0,1,NA
186,Regeneration,1,5,0,0,1,NA
187,Regeneration,1,5,0,0,1,NA
188,Regeneration,3,14,0.8760057656431737,0.5408163265306123,2.177777777777778,0.797374810639693
189,Regeneration,2,6,0.6365141682948128,0.4444444444444444,1.7999999999999998,0.9182958340544894
190,Regeneration,2,6,0.6931471805599453,0.5,2,1
191,Regeneration,4,41,1.065216260612028,0.6127305175490779,2.5821812596006146,0.7683911083296292
192,Regeneration,3,26,0.6870920273799715,0.37869822485207094,1.6095238095238094,0.625418115623811
193,Regeneration,2,60,0.6365141682948128,0.4444444444444444,1.7999999999999998,0.9182958340544894
194,Regeneration,1,20,0,0,1,NA
195,Regeneration,3,40,0.7356219397587946,0.40625,1.6842105263157894,0.6695919455357792
196,Regeneration,1,20,0,0,1,NA
197,Regeneration,4,51,1.0432371445207123,0.5982314494425222,2.488995215311005,0.7525365274355972
199,Regeneration,1,30,0,0,1,NA
2,Regeneration,1,2,0,0,1,NA
200,Regeneration,1,1,0,0,1,NA
201,Regeneration,1,6,0,0,1,NA
202,Regeneration,2,60,0.6365141682948128,0.4444444444444444,1.7999999999999998,0.9182958340544894
203,Regeneration,1,10,0,0,1,NA
204,Regeneration,1,10,0,0,1,NA
206,Regeneration,1,10,0,0,1,NA
207,Regeneration,3,3,1.0986122886681096,0.6666666666666667,3,0.9999999999999998
208,Regeneration,2,7,0.6829081047004717,0.48979591836734704,1.9600000000000004,0.9852281360342515
209,Regeneration,3,24,0.5660857389596289,0.29166666666666663,1.4117647058823528,0.5152734452350943
210,Regeneration,1,20,0,0,1,NA
211,Regeneration,3,6,1.0986122886681096,0.6666666666666667,3,0.9999999999999998
212,Regeneration,5,15,1.5246335284348944,0.7644444444444445,4.245283018867925,0.9473080736174853
213,Regeneration,1,10,0,0,1,NA
214,Regeneration,2,6,0.6365141682948128,0.4444444444444444,1.7999999999999998,0.9182958340544894
215,Regeneration,3,46,0.7767600683850767,0.5151228733459358,2.0623781676413255,0.7070374839214415
216,Regeneration,1,20,0,0,1,NA
217,Regeneration,1,20,0,0,1,NA
218,Regeneration,2,7,0.5982695885852573,0.40816326530612246,1.6896551724137931,0.8631205685666311
219,Regeneration,1,30,0,0,1,NA
22,Regeneration,1,26,0,0,1,NA
220,Regeneration,3,36,0.9809896824453153,0.5864197530864197,2.4179104477611935,0.8929352898779305
23,Regeneration,1,60,0,0,1,NA
25,Regeneration,1,30,0,0,1,NA
26,Regeneration,1,15,0,0,1,NA
27,Regeneration,1,20,0,0,1,NA
28,Regeneration,1,7,0,0,1,NA
29,Regeneration,1,7,0,0,1,NA
3,Regeneration,1,2,0,0,1,NA
30,Regeneration,2,37,0.48504514255633646,0.3067932797662527,1.4425711275026343,0.6997722217733069
31,Regeneration,1,30,0,0,1,NA
32,Regeneration,2,22,0.30463609734923813,0.16528925619834722,1.1980198019801982,0.43949698692151334
33,Regeneration,2,3,0.6365141682948128,0.4444444444444444,1.7999999999999998,0.9182958340544894
34,Regeneration,1,56,0,0,1,NA
35,Regeneration,2,4,0.6931471805599453,0.5,2,1
36,Regeneration,1,15,0,0,1,NA
37,Regeneration,1,20,0,0,1,NA
38,Regeneration,1,1,0,0,1,NA
39,Regeneration,1,1,0,0,1,NA
4,Regeneration,1,2,0,0,1,NA
40,Regeneration,2,18,0.45056120886630463,0.2777777777777777,1.3846153846153844,0.6500224216483541
41,Regeneration,1,70,0,0,1,NA
42,Regeneration,2,37,0.6300861445587914,0.43827611395178967,1.7802340702210664,0.9090221560878149
43,Regeneration,2,45,0.34883209584303193,0.19753086419753085,1.2461538461538462,0.5032583347756457
44,Regeneration,1,30,0,0,1,NA
45,Regeneration,1,30,0,0,1,NA
46,Regeneration,1,20,0,0,1,NA
47,Regeneration,2,60,0.6365141682948128,0.4444444444444444,1.7999999999999998,0.9182958340544894
48,Regeneration,5,9,1.5229550675313184,0.7654320987654322,4.2631578947368425,0.946265187221801
49,Regeneration,1,10,0,0,1,NA
5,Regeneration,2,74,0.21028341228613337,0.1022644265887509,1.1139137510170871,0.30337483608641397
50,Regeneration,2,16,0.5623351446188083,0.375,1.6,0.8112781244591328
51,Regeneration,1,15,0,0,1,NA
52,Regeneration,1,15,0,0,1,NA
53,Regeneration,1,8,0,0,1,NA
54,Regeneration,3,31,0.9828642929216391,0.5993756503642039,2.4961038961038957,0.8946416338681261
55,Regeneration,1,12,0,0,1,NA
56,Regeneration,1,25,0,0,1,NA
57,Regeneration,1,2,0,0,1,NA
58,Regeneration,1,20,0,0,1,NA
59,Regeneration,1,24,0,0,1,NA
6,Regeneration,2,60,0.6365141682948128,0.4444444444444444,1.7999999999999998,0.9182958340544894
60,Regeneration,1,20,0,0,1,NA
61,Regeneration,1,70,0,0,1,NA
62,Regeneration,1,20,0,0,1,NA
63,Regeneration,1,20,0,0,1,NA
64,Regeneration,1,25,0,0,1,NA
65,Regeneration,1,25,0,0,1,NA
66,Regeneration,1,30,0,0,1,NA
67,Regeneration,2,62,0.1425058673927378,0.06243496357960443,1.0665926748057712,0.20559250818508307
68,Regeneration,2,70,0.410116318288409,0.24489795918367352,1.3243243243243243,0.5916727785823274
69,Regeneration,2,100,0.6108643020548935,0.42000000000000004,1.7241379310344829,0.8812908992306927
7,Regeneration,1,40,0,0,1,NA
70,Regeneration,1,20,0,0,1,NA
71,Regeneration,2,13,0.6901856760188042,0.4970414201183432,1.988235294117647,0.9957274520849256
72,Regeneration,1,30,0,0,1,NA
73,Regeneration,1,15,0,0,1,NA
74,Regeneration,1,5,0,0,1,NA
75,Regeneration,2,13,0.666278442414676,0.47337278106508873,1.898876404494382,0.961236604722876
76,Regeneration,1,10,0,0,1,NA
77,Regeneration,2,26,0.5824922438849605,0.39349112426035515,1.6487804878048784,0.8403586716091171
78,Regeneration,1,40,0,0,1,NA
79,Regeneration,1,1,0,0,1,NA
8,Regeneration,2,60,0.6365141682948128,0.4444444444444444,1.7999999999999998,0.9182958340544894
80,Regeneration,2,10,0.5004024235381879,0.31999999999999984,1.4705882352941173,0.7219280948873623
82,Regeneration,3,9,0.9950269901795212,0.5925925925925926,2.454545454545454,0.9057125980138371
83,Regeneration,3,7,1.0789922078775833,0.653061224489796,2.882352941176471,0.9821410328348751
84,Regeneration,4,125,1.2081321041996071,0.6816,3.140703517587939,0.8714830977337609
85,Regeneration,1,35,0,0,1,NA
86,Regeneration,3,9,0.9950269901795212,0.5925925925925926,2.454545454545454,0.9057125980138371
87,Regeneration,2,70,0.6517565611726531,0.4591836734693877,1.8490566037735847,0.940285958670631
88,Regeneration,1,45,0,0,1,NA
89,Regeneration,3,12,1.0281838593329258,0.625,2.666666666666666,0.9358932809493993
9,Regeneration,1,20,0,0,1,NA
90,Regeneration,2,48,0.2337916587064593,0.1171875,1.1327433628318584,0.3372900666170139
91,Regeneration,5,14,1.5740973368489728,0.7857142857142857,4.666666666666667,0.9780416657815157
92,Regeneration,7,27,1.7342296296683999,0.7846364883401921,4.643312101910828,0.8912177319750973
93,Regeneration,2,15,0.6365141682948128,0.4444444444444444,1.7999999999999998,0.9182958340544894
94,Regeneration,2,30,0.45056120886630463,0.2777777777777777,1.3846153846153844,0.6500224216483541
95,Regeneration,2,9,0.6869615765973234,0.49382716049382713,1.975609756097561,0.9910760598382222
96,Regeneration,2,12,0.5623351446188083,0.375,1.6,0.8112781244591328
97,Regeneration,1,5,0,0,1,NA
98,Regeneration,1,40,0,0,1,NA
99,Regeneration,1,40,0,0,1,NA
